﻿Question  ,Answer  ,,Marks  
6  ,1 mark for suitable example and 1 mark for suitable associated use.  ,,6  
,Primary  ,RAM «  « stores OS when running / data currently in use / instructions currently in use   ROM «  « stores boot instructions / BIOS  Cache « « stores frequently used instructions  
,Secondary  ,HDD / SSD«  «stores files / applications (by example)  
,Offline  ,CD/DVD/Blu-ray/Flash Memory/USB stick/Removable HDD/Removable SSD« « stores files / applications (by example)  
