﻿Question  ,Answer  ,Marks  ,Guidance  
5(a)(i)  ,"1 leaf A / thick cuticle, lost the least mass / water ; 2 leaf C / thin cuticle, lost the most mass / water ; 3 leaf B / medium cuticle, lost more mass or water than A / less mass or  water than C ; 4 loss of mass is due to the loss of water ; 5 the thicker the cuticle the, less water / mass, lost ; 6 loss of, mass / water, fastest initially (then slows) ; 7 ref. to transpiration / (reduced) evaporation ; 8 data manipulation with ref. to mass ; e.g. calculation of loss  ",5  ,
5(a)(ii)  ,"less, water / mass, loss (from leaves A, B and C) ; idea of the same pattern of results as the first experiment ; reduced transpiration ; increased water (concentration) in the air ; ref. to a smaller concentration gradient ; less diffusion of water vapour ;  ",3  ,
5(b)  ,stem – swollen / AW ; root – extensive / widespread / shallow (root system) / AW ;  ,2  ,A deep / branched  
5(c)(i)  ,carbon dioxide ;  ,1  ,
5(c)(ii)  ," respiration ; starch ; cellulose ; chlorophyll ; sucrose ; nectar ; amino acids / protein ; fats / oils ; nucleic acids / DNA / RNA ; growth of (any named part) membrane, cell wall, cytoplasm ;  ",3  ,
6(a)(i)   ,X  protein (coat) / AW ; Y genetic material ;  ,2  ,
6(a)(ii)  ,cell wall ; cell membrane ; cytoplasm ; loop of DNA ; (slime) capsule ; flagella ; plasmid ; ribosome ;  ,2  ,
6(b)(i)  ,food ; contaminated surfaces ; animals ; air ;  water ; soil ;  ,2  ,
6(b)(ii)   ,skin / epidermis ; hairs in nose ; mucous membrane ; mucus ; ear wax ;  ,2  ,
6(c)  ,a pathogen has antigens (on their surface) ; ref. to specificity / antibodies have complementary shape (to antigen) ; lock onto (specific) antigens / pathogen ;  destroy pathogens ; marking for destruction / phagocytosis ;  AVP ;  ,4  ,
6(d)   ,long-term / ref. to permanent / protects against some recurring diseases ; produces memory cells ; antibodies are produced (by the body) ; slower response ;  ,3  ,
