﻿Question  ,Answer  ,,,Marks  ,Guidance  
4(a)  ,function  ,letter  ,name  ,4  ,1 mark for each correct row  
,releases oestrogen  ,F  ,ovary  
,site of fertilisation  ,A  ,oviduct  
,site of implantation  ,E  ,uterus lining  
,dilates during the process of birth  ,C/D  ,vagina (C) / cervix (D)  
,;;;;  
4(b)  ,23 ; 46 / 23 pairs ;  ,,,2  ,
4(c)  ,1 cases increases then decrease ; 2 large increase between 10–14 and 15–19 ; 3 most cases in the 15–19 age group ; 4 from 15–19 number of cases decrease / from 20–24 number of cases steep   decrease ; 5 no cases above 55 years old / in 55–64 age group / 65+ age group ; 6 data quote with number of cases and age group ;  ,,,3  ,
4(d)(i)  ,antibiotics ;  ,,,1  ,
4(d)(ii)  ,HIV ;  ,,,1  ,
4(d)(iii)  ,(named) bodily fluids / sexual fluid ; barrier ; condom / femidom ;  ,,,3  ,
