﻿Question  ,Answer  ,,,Marks  ,Guidance  
4(d)(ii)  ,,,,5  ,one mark per row  
,statement  ,name of structure  ,letter from Fig. 4.1  
,chamber that creates the highest blood pressure   ,left ventricle  ,F ;  
,blood vessel containing blood with the highest concentration of oxygen  ,pulmonary vein / aorta  ,C  / A ;  
,structure that prevents blood going from ventricle to atrium  ,atrioventricular valve  ,E ;  
,structure that prevents backflow of blood from artery to ventricle  ,semilunar valve  ,K ;  
,chamber that receives blood from vena cava  ,right atrium  ,J ;  
