﻿Question  ,Answer  ,Marks  ,Guidance  
1(a)  ,nucleus ; mitochondria ; (rough) endoplasmic reticulum ;   AVP ;  ,2  ,
1(b)(i)  ,"nitrogen for making, amino acids / proteins ;  glucose for respiration / source of energy ;  ",2  ,
1(b)(ii)  ,"for even / uniform, distribution / concentration, of contents / AW ; ensure more access of bacteria with, medium / AW ; prevent settling / clumping of, contents / AW ; so oxygen / glucose / nutrients, dissolves ; so that growth is not limited ; so bacteria can absorb substances (more easily) ; bacteria need oxygen for respiration ;  ",3  ,
Question  ,Answer  ,Marks  ,Guidance  
1(c)  ,"description: at least two correctly named phases ; any two phases described correctly ; i.e. A: level, B: increasing,   C: level, D: decreasing (numbers of live bacteria)  correct relevant data quote for any phase ;;  A is the lag, phase / stage: bacteria, growing / dividing, slowly ; bacteria adjusting to conditions / absorbing resources ;  B is the exponential / log, phase / stage: resources are, not limiting / AW ; bacteria, growing / dividing, rapidly ; growth / birth, rate greater than death rate ;  C is the stationary, phase / stage: growth / birth, rate equal to death rate ;  D is the death, phase / stage: death rate greater than growth, birth / rate ;  C or D:  many bacteria are dying ;  concentration of resources decreasing / resources become limiting ; space becomes limiting / AW ; (named) toxins building up ;    ",6  ,
2(a)  ,carbon dioxide + water           ; glucose + oxygen ;  ,2  ,
2(b)(i)  ,"temperature is a factor that affects the rate of photosynthesis ; reference to kinetic energy ; idea of effect of temperature, on enzymes / diffusion rate (of carbon dioxide) ; idea that temperature is a variable that should be standardised ;  AVP ;  ",2  ,
2(b)(ii)  ,74 ;;;  ,3  ,
2(b)(iii)  ,"rate (of photosynthesis) increases and, reaches a plateau / AW ; rate (of photosynthesis) increases until 1750 (a.u) /  25 µmol per m2 per s ; any comparative use of figures for rate ;  ",3  ,
2(b)(iv)  ,"light intensity is the limiting factor, at all light intensities used / AW ; because rate of photosynthesis does not level off (even at  high light intensities) ; carbon dioxide / temperature / chlorophyll / another factor, was not a limiting factor ; correct reference to (light) energy ; light is absorbed by chlorophyll ;  AVP ;   ",4   ,
3(a)(i)  ,restriction (enzyme) ;  ,1  ,
3(a)(ii)  ,sticky ends ;  ,1  ,
3(a)(iii)  ,"plasmid is cut with the same (restriction) enzyme (as DNA) ; to form, sticky ends / region A, that are complementary to sticky  ends of, gene / cry ; reference to base sequences (being complementary / AW) ; (DNA) ligase used to join plasmid and, cry / gene ; AVP ; e.g. formation of recombinant DNA / plasmid  ",3  ,
3(b)  ,"gene / cry, codes for the sequence of amino acids in, (toxic) protein ; DNA / gene / cry, is copied / transcribed, to form mRNA ; cry / gene / DNA, remains in nucleus ; mRNA moves from nucleus to, cytoplasm / ribosome ; mRNA passes through ribosomes / AW ; ribosomes assemble amino acids (into protein molecules) ; ribosomes make proteins ; AVP ; e.g. order of amino acids determined by base sequence of, mRNA / DNA / gene  ",4  ,
3(c)  ,"to kill / harm / deter, caterpillars / insects / pests ; higher yield / reduce losses due to, (certain) caterpillars / insects / pests ; higher quality of cotton ; use less insecticide ;  (so) less pollution ; (so) less money spent on, insecticides / spraying ;  (so) less risk to workers’ health (from using insecticides) ; (so) less chance of insecticide resistance ;  AVP ;   ",3  ,
4(a)  ,"one loop to lungs / pulmonary circulation, and one loop to rest of the body / systemic circulation ; blood flows through heart twice, for one (complete) circuit / to get back to the same point ;   ",1  ,
4(b)  ,"lymphocyte / AW ; engulf/ digest / kill / destroy, bacteria / pathogens ;  platelet ; red blood cell ;  ",4  ,
4(c)  ,wall of artery thicker than wall of vein ;  lumen labelled in both drawings ;  ,2  ,
4(d)(i)  ,arrow(s) start in right-hand side of heart in correct direction ; arrow(s) point upwards inside pulmonary artery ;  ,2  ,
